<?xml version='1.0' encoding='UTF-8'?>
<widget xmlns="http://www.w3.org/ns/widgets" xmlns:intelxdk="http://xdk.intel.com/ns/v1" id="xdk.intel.sample" version="0.0.1">
<!--This file is generated by the Intel XDK. Do not edit this file as your edits will be lost.           -->
<!--To change the contents of this file, see the documentation on the intelxdk.config.additions.xml file.-->
<intelxdk:version value="1.1"/>
<name>touch_part_phone</name>
<description>Intel XDK template</description>
<author>Intel XDK</author>
<content src="index.html"/>
<!--creationInfo:{"src":"jsapp/sample-iot-companion-touch-notifier/sample.zip","projectTypeName":"com.intel.xdk.projecttype.jsapp"}--></widget>