<?xml version='1.0' encoding='UTF-8'?>
<widget xmlns="http://www.w3.org/ns/widgets" xmlns:intelxdk="http://xdk.intel.com/ns/v1" id="xdk.intel.sample" version="0.0.1" android-versionCode="1">
<!--This file is generated by the Intel XDK. Do not edit this file as your edits will be lost.           -->
<!--To change the contents of this file, see the documentation on the intelxdk.config.additions.xml file.-->
<intelxdk:version value="1.1"/>
<intelxdk:cordova-cli version="6.2.0"/>
<name>touch_part_phone</name>
<description>Intel XDK template</description>
<author>Intel XDK</author>
<content src="index.html"/>
<access origin="*"/>
<allow-intent href="http://*/*"/>
<allow-intent href="https://*/*"/>
<allow-intent href="tel:*"/>
<allow-intent href="sms:*"/>
<allow-intent href="mailto:*"/>
<allow-intent href="geo:*"/>
<allow-intent href="market:*"/>
<intelxdk:plugin intelxdk:name="Device" intelxdk:value="cordova-plugin-device" intelxdk:version="1.1.2" intelxdk:checksum="2373ccea" intelxdk:type="file"/>
<intelxdk:plugin intelxdk:name="Splashscreen" intelxdk:value="cordova-plugin-splashscreen" intelxdk:version="3.2.2" intelxdk:checksum="47137083" intelxdk:type="file"/>
<intelxdk:plugin intelxdk:name="StatusBar" intelxdk:value="cordova-plugin-statusbar" intelxdk:version="2.1.3" intelxdk:checksum="c0146fbc" intelxdk:type="file"/>
<intelxdk:plugin intelxdk:name="Cordova Network Whitelist Plugin (added by Intel XDK)" intelxdk:value="cordova-plugin-whitelist" intelxdk:version="1.2.2"/>
<preference name="android-minSdkVersion" value="14"/>
<preference name="android-targetSdkVersion" value="21"/>
<preference name="android-installLocation" value="auto"/>
<preference name="Fullscreen" value="false"/>
<platform name="android">
<preference name="Orientation" value="portrait"/></platform>
<preference name="android-signed" value="true"/>
<intelxdk:crosswalk version="19"/>
<preference name="android-permission" value="ACCESS_COARSE_LOCATION"/>
<preference name="android-permission" value="ACCESS_FINE_LOCATION"/>
<preference name="android-permission" value="CAMERA"/>
<preference name="android-permission" value="VIBRATE"/>
<!--creationInfo:{"src":"jsapp/sample-iot-companion-touch-notifier/sample.zip","projectTypeName":"com.intel.xdk.projecttype.jsapp"}--></widget>